bucket,rows,mean_top1_score,p95_top1_score,mean_top1_target_chrfpp
chunk1_3_plain,486,0.3964533281924719,0.6532764369940505,30.52830003831084
chunk2_3_tag_rich,377,0.36669115070982117,0.6075460650667176,27.72270628659769
chunk4_6,258,0.3719400519033552,0.622929055740498,26.67287514122975
chunk7plus,104,0.44708348364289713,0.807912497006874,26.518374050896064
